"Customweb_SaferpayCw::* Required Fields","* Required Fields"
"Customweb_SaferpayCw::-- No Status Change --","-- No Status Change --"
"Customweb_SaferpayCw::3D Secure","3D Secure"
"Customweb_SaferpayCw::3D Secure Authentication","3D Secure Authentication"
"Customweb_SaferpayCw::3D Secure failed","3D Secure verification failed"
"Customweb_SaferpayCw::3D Secure sucess","3D Secure successfull"
"Customweb_SaferpayCw::3d secure failed.","3D secure failed."
"Customweb_SaferpayCw::3ds Authentication","3ds Authentication"
"Customweb_SaferpayCw::3ds Liability Shift","3ds Liability Shift"
"Customweb_SaferpayCw::A authorized transaction cannot be authorized again.","An authorised transaction cannot be authorised again."
"Customweb_SaferpayCw::A authorized transaction cannot be marked as failed.","An authorised transaction cannot be marked as failed."
"Customweb_SaferpayCw::A cancelled transaction cannot be authorized.","A cancelled transaction cannot be authorised."
"Customweb_SaferpayCw::A cancelled transaction cannot be cancelled again.","A cancelled transaction cannot be cancelled again."
"Customweb_SaferpayCw::A cancelled transaction cannot be captured.","A cancelled transaction cannot be captured"
"Customweb_SaferpayCw::A cancelled transaction cannot be marked as failed.","A cancelled transaction cannot be marked as failed."
"Customweb_SaferpayCw::A cancelled transaction cannot be refunded.","A cancelled transaction cannot be refunded"
"Customweb_SaferpayCw::A captured transaction cannot be authorized.","A captured transaction cannot be authorised."
"Customweb_SaferpayCw::A captured transaction cannot be cancelled.","A captured transaction cannot be cancelled."
"Customweb_SaferpayCw::A captured transaction cannot be marked as failed.","A captured transaction cannot be marked as failed."
"Customweb_SaferpayCw::A failed authorization cannot be authorized.","A failed authorisation cannot be authorised."
"Customweb_SaferpayCw::A payment method may not available for customers from different counties. You can decide when this availability check should happen. We recommend to set it during authorization","Some payment methods are not be available for customers from certain counties. You can decide at what instant this availability check should happen. We recommend setting it to 'during authorisation'."
"Customweb_SaferpayCw::A refund was added over !amount.","A refund was added over !amount."
"Customweb_SaferpayCw::A transaction may be uncertain, when the payment is not guaranteed. For example in case the credit card does not participate in the 3D procedure.","A transaction may be uncertain, when the payment is not guaranteed. For example in the case that the credit card does not participate in the 3D Secure procedure."
"Customweb_SaferpayCw::About","About"
"Customweb_SaferpayCw::Account Holder","Account Holder"
"Customweb_SaferpayCw::Account Holder Name","Account holder"
"Customweb_SaferpayCw::Account Number","Account Number"
"Customweb_SaferpayCw::Account holder","Account holder"
"Customweb_SaferpayCw::Account name: @account","Account name: @account"
"Customweb_SaferpayCw::Account owner name.","Account holder"
"Customweb_SaferpayCw::Acquirer Reference","Acquirer Reference"
"Customweb_SaferpayCw::Action","Action"
"Customweb_SaferpayCw::Action blocked by risk management","Transaction blocked by risk management."
"Customweb_SaferpayCw::Action not supported.","Action not supported."
"Customweb_SaferpayCw::Actions","Actions"
"Customweb_SaferpayCw::Activate","Active"
"Customweb_SaferpayCw::Active","Active"
"Customweb_SaferpayCw::Additional Information","Additional Information"
"Customweb_SaferpayCw::Adjust Qty","Adjust Quantity"
"Customweb_SaferpayCw::Adjustment Discount","Adjustment Discount"
"Customweb_SaferpayCw::Adjustment Fee","Adjustment Fee"
"Customweb_SaferpayCw::After payment selection","After payment method selection"
"Customweb_SaferpayCw::Ajax authorization not supported.","Ajax authorization not supported"
"Customweb_SaferpayCw::Alias","Alias"
"Customweb_SaferpayCw::Alias For Display","Alias For Display"
"Customweb_SaferpayCw::Alias ID","Alias ID"
"Customweb_SaferpayCw::Alias Manager (SCD)","Alias Manager (SCD)"
"Customweb_SaferpayCw::All Customers","All Customers"
"Customweb_SaferpayCw::Allowed Currencies","Allowed currencies"
"Customweb_SaferpayCw::Allowed currencies for this payment method","Permitted currencies for this payment method"
"Customweb_SaferpayCw::Already registered?","Already registered?"
"Customweb_SaferpayCw::Always Checkout as Guest","Always Checkout as Guest"
"Customweb_SaferpayCw::American Express","American Express"
"Customweb_SaferpayCw::Amount","Amount"
"Customweb_SaferpayCw::Amount Incl. Tax","Amount Incl. Tax"
"Customweb_SaferpayCw::Amount: @amount","Amount: @amount"
"Customweb_SaferpayCw::An error occured: SaferpayCw response is: '!data'","An error occurred: SaferpayCw response is: '!data'"
"Customweb_SaferpayCw::Approval mode","Approval mode"
"Customweb_SaferpayCw::Are you sure you want to cancel this order?","Are you sure you want to cancel this order?"
"Customweb_SaferpayCw::Authentication failed","Authentication failed"
"Customweb_SaferpayCw::Authentication failed, please check the configuration","Authentication failed, please check the configuration"
"Customweb_SaferpayCw::Author","Author"
"Customweb_SaferpayCw::Authorization Amount","Authorisation Amount"
"Customweb_SaferpayCw::Authorization Failed","Authorisation failed"
"Customweb_SaferpayCw::Authorization Method","Authorisation Method"
"Customweb_SaferpayCw::Authorization is uncertain.","Authorisation is uncertain"
"Customweb_SaferpayCw::Authorized Status","Authorised status"
"Customweb_SaferpayCw::Await Notification","Await Notification"
"Customweb_SaferpayCw::Awaiting confirmation","Awaiting confirmation"
"Customweb_SaferpayCw::BIC","BIC"
"Customweb_SaferpayCw::BIC: @bic","BIC: @bic"
"Customweb_SaferpayCw::Bad signature format.","False signature format."
"Customweb_SaferpayCw::Bank Code","Bank code number"
"Customweb_SaferpayCw::Bank Location","Bank Location"
"Customweb_SaferpayCw::Bank Name","Bank Name"
"Customweb_SaferpayCw::Bank account number","Bank account number (IBAN)"
"Customweb_SaferpayCw::Bank code","Bank code"
"Customweb_SaferpayCw::Bank code number","Bank code number"
"Customweb_SaferpayCw::Bank name","Bank name"
"Customweb_SaferpayCw::Bank: @bank","Bank: @bank"
"Customweb_SaferpayCw::Before payment selection","Before selection of the payment method"
"Customweb_SaferpayCw::Billing Address","Billing Address"
"Customweb_SaferpayCw::Billing Information","Billing information"
"Customweb_SaferpayCw::Billing address","Billing address"
"Customweb_SaferpayCw::Billing address is sent","Send Billing Address to Saferpay"
"Customweb_SaferpayCw::Billing and Delivery address is sent","Billing and Delivery address is sent"
"Customweb_SaferpayCw::Billing and Shipping","Billing and Shipping"
"Customweb_SaferpayCw::Billpay Approval","Billpay Approval"
"Customweb_SaferpayCw::Billpay General Terms","Billpay General Terms"
"Customweb_SaferpayCw::Brand Name","Brand Name"
"Customweb_SaferpayCw::By continuing the checkout you agree to the general terms of this agreement.","By continuing with the checkout-process you agree to the General Terms of Agreement."
"Customweb_SaferpayCw::By setting the capturing the reservation can be captured directly after the order or later manually over the backend of the store.","With the capture setting, the transaction can be captured directly after the order or later manually over the backend of the store."
"Customweb_SaferpayCw::CVC Code","CVC Code"
"Customweb_SaferpayCw::Cancel","Cancel"
"Customweb_SaferpayCw::Cancel ID","Cancel ID"
"Customweb_SaferpayCw::Cancel pending orders when out of stock","Cancel pending orders when out of stock"
"Customweb_SaferpayCw::Cancel status","Cancel status"
"Customweb_SaferpayCw::Canceled SaferpayCw","Canceled SaferpayCw"
"Customweb_SaferpayCw::Canceling of this payment not possible!","Cancellation of this payment not possible!"
"Customweb_SaferpayCw::Cancelled Status","Cancelled status"
"Customweb_SaferpayCw::Cancelled.","Cancelled."
"Customweb_SaferpayCw::Cannot update item quantity.","Cannot update item quantity."
"Customweb_SaferpayCw::Capture Amount","Amount to capture"
"Customweb_SaferpayCw::Capture ID","Capture ID"
"Customweb_SaferpayCw::Capture amount","Capture amount"
"Customweb_SaferpayCw::Capture information","Capture information"
"Customweb_SaferpayCw::Capture status","Capture status"
"Customweb_SaferpayCw::Capture: Don't Close","Capture: Don't close"
"Customweb_SaferpayCw::Captured Amount","Captured amount"
"Customweb_SaferpayCw::Captured Status","Captured status"
"Customweb_SaferpayCw::Captures","Captures"
"Customweb_SaferpayCw::Captures & Refunds","Captures & Refunds"
"Customweb_SaferpayCw::Capturing","Capturing"
"Customweb_SaferpayCw::Capturing not possible. Capturing result '!result'","Capturing not possible. Capturing result '!result'"
"Customweb_SaferpayCw::Capturing not possible. Technical error. Server response '!response'","Capturing not possible. Technical error. Server response '!response'"
"Customweb_SaferpayCw::Card Country Origin","Card Country Origin"
"Customweb_SaferpayCw::Card Expiration","Expiry Date"
"Customweb_SaferpayCw::Card Expiry Date","Card expiry date"
"Customweb_SaferpayCw::Card Form - Holder Name","Card Form - Holder Name"
"Customweb_SaferpayCw::Card Holder Name","Card holder name"
"Customweb_SaferpayCw::Card Number","Card number"
"Customweb_SaferpayCw::Card Reference ID","Card Reference ID"
"Customweb_SaferpayCw::Card Type","Credit card type"
"Customweb_SaferpayCw::Card verification mode","Card verification mode"
"Customweb_SaferpayCw::Carrier Title","Carrier Title"
"Customweb_SaferpayCw::Check out faster","Check out faster"
"Customweb_SaferpayCw::Check to activate the external checkout.","Check to activate the external checkout."
"Customweb_SaferpayCw::Checkout","Checkout"
"Customweb_SaferpayCw::Checkout as Guest","Checkout as a guest"
"Customweb_SaferpayCw::Checkout as a Guest or Register","Checkout as a guest or register"
"Customweb_SaferpayCw::Checkout as a new customer","Checkout as a new customer"
"Customweb_SaferpayCw::Checkout using your account","Checkout using your account"
"Customweb_SaferpayCw::Checkout with MasterPass.","Buy with MasterPass."
"Customweb_SaferpayCw::Choose settlement after order in case you want an invoice to be created with your oder. The state of the invoice will set according to your capture status","Choose settlement after order in case you want an invoice to be created with your order. The status of the invoice will be set according to your specified capture status."
"Customweb_SaferpayCw::Choose settlement after order in case you want an invoice to be created with your oder. The state of the invoice will set according to your capture status. For captured payments, an invoice is always created.","Choose settlement after order in case you want an invoice to be created with your order. The status of the invoice will be set according to your specified capture status. For captured payments, an invoice is always created."
"Customweb_SaferpayCw::Choose wheather you want your customer to be separately informed by e-mail bySaferpay.","Choose wheather you want your customer to be separately informed by e-mail bySaferpay."
"Customweb_SaferpayCw::Choose your provider for direct debit payments.","Choose your provider for direct debit payments."
"Customweb_SaferpayCw::Communication with the processor failed.","Communication with the processor failed."
"Customweb_SaferpayCw::Communication with the processor timed out. Please check with acquirer.","Communication with the processor timed out. Please check with acquirer."
"Customweb_SaferpayCw::Communication with the processor timed out. Please check with aquirer.","Communication with the processor timed out. Please check with aquirer."
"Customweb_SaferpayCw::Company","Company"
"Customweb_SaferpayCw::Company Commercial Number","Company Commercial Number"
"Customweb_SaferpayCw::Company name","Company name"
"Customweb_SaferpayCw::Condition not satisfied.","Condition not satisfied."
"Customweb_SaferpayCw::Condition not staisfied.","Condition not satisfied."
"Customweb_SaferpayCw::Confirm Password","Confirm Password"
"Customweb_SaferpayCw::Continue","Continue"
"Customweb_SaferpayCw::Could not convert object of type '!type' to string.","Could not convert object of type '!type' to string."
"Customweb_SaferpayCw::Could not find a brand for the given card number.","Could not find a brand for the given card number."
"Customweb_SaferpayCw::Could not find an adapter for the authoriztion method !methodName.","Could not find an adapter for the authoriztion method !methodName."
"Customweb_SaferpayCw::Could not find pressed button.","Could not find pressed button."
"Customweb_SaferpayCw::Could not find template file at default location '!location'.","Could not find template file at default location '!location'."
"Customweb_SaferpayCw::Could not find the payment method !paymentMethodName.","Could not find the payment method !paymentMethodName."
"Customweb_SaferpayCw::Could not load layout from URL !url. Reason: !reason","Could not load layout from URL !url. Reason: !reason"
"Customweb_SaferpayCw::Create Account","Create Account"
"Customweb_SaferpayCw::Create New Order - Payment","Create New Order - Payment"
"Customweb_SaferpayCw::Create a recurring payment, with an existing alias is not supported","Creating a recurring payment with an existing alias is not supported."
"Customweb_SaferpayCw::Creating an account has many benefits:","Creating an account has many benefits:"
"Customweb_SaferpayCw::Creation Date","Creation Date"
"Customweb_SaferpayCw::Credit Card Brands","Credit Card Brands"
"Customweb_SaferpayCw::Credit Memo History","Credit Memo History"
"Customweb_SaferpayCw::Credit Memo Totals","Credit Memo Totals"
"Customweb_SaferpayCw::Credit limit exceeded.","Credit limit exceeded."
"Customweb_SaferpayCw::Credit memo's total must be positive.","Credit memo's total must be positive."
"Customweb_SaferpayCw::Creditor Identifier","Creditor Identifier"
"Customweb_SaferpayCw::Creditor identification numbe: !CREDITOR_ID<br/> Mandate reference: !MANDATE_REFERENCE<br/> Date: !DATE<br/> <br/> I !CUSTOMER grant !MERCHANT_NAME the revocable authorization to debit the above-listed amount and to collect future payments to be paid by me from my account by means of direct debit, in accordance with my details listed above. At the same time, I instruct my financial institution to redeem the debits from on my account. <br/> <br/> Note: I can request the reimbursement of the debited amount with eight weeks of the date on which it is debited. The conditions agreed to with my financial institution apply for this. <br/> I hereby confirm the SEPA Direct Debit mandate","Creditor identification numbe: !CREDITOR_ID<br/> Mandate reference: !MANDATE_REFERENCE<br/> Date: !DATE<br/> <br/> I !CUSTOMER grant !MERCHANT_NAME the revocable authorization to debit the above-listed amount and to collect future payments to be paid by me from my account by means of direct debit, in accordance with my details listed above. At the same time, I instruct my financial institution to redeem the debits from on my account. <br/> <br/> Note: I can request the reimbursement of the debited amount with eight weeks of the date on which it is debited. The conditions agreed to with my financial institution apply for this. <br/> I hereby confirm the SEPA Direct Debit mandate"
"Customweb_SaferpayCw::Creditor identification number: !CREDITOR_ID<br/> Mandate reference: !MANDATE_REFERENCE<br/> Date: !DATE<br/> <br/> I !CUSTOMER grant !MERCHANT_NAME the revocable authorization to debit the above-listed amount and to collect future payments to be paid by me from my account by means of direct debit, in accordance with my details listed above. At the same time, I instruct my financial institution to redeem the debits from on my account. <br/> <br/> Note: I can request the reimbursement of the debited amount with eight weeks of the date on which it is debited. The conditions agreed to with my financial institution apply for this. <br/> I hereby confirm the SEPA Direct Debit mandate","Creditor identification number: !CREDITOR_ID<br/> Mandate reference: !MANDATE_REFERENCE<br/> Date: !DATE<br/> <br/> I !CUSTOMER grant !MERCHANT_NAME the revocable authorization to debit the above-listed amount and to collect future payments to be paid by me from my account by means of direct debit, in accordance with my details listed above. At the same time, I instruct my financial institution to redeem the debits from on my account. <br/> <br/> Note: I can request the reimbursement of the debited amount within eight weeks since the date on which it is debited. The conditions agreed to with my financial institution apply for this. <br/> I hereby confirm the SEPA Direct Debit mandate"
"Customweb_SaferpayCw::Currency","Currency"
"Customweb_SaferpayCw::Current Configuration Scope:","Current Configuration Scope:"
"Customweb_SaferpayCw::Custom parameters have been altered. Fraud possible, aborting.","Custom parameters have been altered. Fraud possible, aborting."
"Customweb_SaferpayCw::Customer Account","Customer account"
"Customweb_SaferpayCw::Customer Address","Customer address"
"Customweb_SaferpayCw::Customer Alias Management","Customer Alias Management"
"Customweb_SaferpayCw::Customer confirmation email","Customer confirmation email"
"Customweb_SaferpayCw::Customer entered invalid card details","Customer entered invalid card details"
"Customweb_SaferpayCw::Customer successfully returned from SaferpayCw","Customer successfully returned from SaferpayCw"
"Customweb_SaferpayCw::Customer successfully returned from Saferpay","Customer successfully returned from the SaferpayCw payment page."
"Customweb_SaferpayCw::Customer sucessfully returned from the SaferpayCw payment page.","Customer successfully returned from the SaferpayCw payment page."
"Customweb_SaferpayCw::Customer used expired card.","Customer used expired card."
"Customweb_SaferpayCw::Customer used expried card.","Customer used expired card."
"Customweb_SaferpayCw::Customers","Customers"
"Customweb_SaferpayCw::Customweb","Customweb"
"Customweb_SaferpayCw::Date","Date"
"Customweb_SaferpayCw::Date of Birth","Date of birth"
"Customweb_SaferpayCw::Date of birth","Date of birth"
"Customweb_SaferpayCw::Day","Day"
"Customweb_SaferpayCw::Deactivate","Deactivate"
"Customweb_SaferpayCw::Dear customer we have received your billing and shipping information. In order to finish your order please create an account below or checkout as guest.","Dear customer we have received your billing and shipping information. In order to finalize your order please create an account below or checkout as a guest."
"Customweb_SaferpayCw::Dear customer, it appears to us that your payment was successful, but we are still waiting for confirmation. You can wait on this page and we will redirect you after we received the confirmation. Or you can close this window and we will send out an order confirmation email.","Dear customer, it appears to us that your payment was successful, but we are still waiting for confirmation. You can wait on this page and we will redirect you after we received the confirmation. Or you can close this window and we will send out an order confirmation email."
"Customweb_SaferpayCw::Default Config","Default Configuration"
"Customweb_SaferpayCw::Default lightweight responsive theme","Default lightweight responsive theme"
"Customweb_SaferpayCw::Deferred","Deferred"
"Customweb_SaferpayCw::Deferred (authorization)","Deferred (authorisation)"
"Customweb_SaferpayCw::Deferred capturing","Deferred capturing"
"Customweb_SaferpayCw::Deferred settlement","Deferred settlement"
"Customweb_SaferpayCw::Define a maximal order total for this checkout to be available.","Define a maximal order total for this checkout to be available."
"Customweb_SaferpayCw::Define a minimal order total for this checkout to be available.","Define a minimal order total for this checkout to be available."
"Customweb_SaferpayCw::Delayed","Deferred"
"Customweb_SaferpayCw::Delete","Delete"
"Customweb_SaferpayCw::Delivery address","Delivery address"
"Customweb_SaferpayCw::Delivery address is sent","Send delivery address"
"Customweb_SaferpayCw::Description","Description"
"Customweb_SaferpayCw::Description of the order","Order Description"
"Customweb_SaferpayCw::Details:","Details:"
"Customweb_SaferpayCw::Details: !details","Details: !details"
"Customweb_SaferpayCw::Diners","Diners Club"
"Customweb_SaferpayCw::Diners Club","Diners Club"
"Customweb_SaferpayCw::Direct Capture failed.","Direct Capture failed."
"Customweb_SaferpayCw::Direct Debits","Direct Debits (ELV)"
"Customweb_SaferpayCw::Direct E-Banking","Direct E-Banking"
"Customweb_SaferpayCw::Direct capture after order","Direct capturing"
"Customweb_SaferpayCw::Direct debit provider","Direct debit provider"
"Customweb_SaferpayCw::Direct debit with Billpay","Direct debit with Billpay"
"Customweb_SaferpayCw::Direct debit with ELV","Direct debit with ELV"
"Customweb_SaferpayCw::Directly after order","Direct capturing"
"Customweb_SaferpayCw::Directly after order (sale)","Direct capturing"
"Customweb_SaferpayCw::Disabled","Deactivated"
"Customweb_SaferpayCw::Discount","Discount"
"Customweb_SaferpayCw::Discount Amount","Discount Amount"
"Customweb_SaferpayCw::Do not inform the customer","Do not inform the customer"
"Customweb_SaferpayCw::Do not mark them","Do not mark"
"Customweb_SaferpayCw::Don't change order status","Don't change order status"
"Customweb_SaferpayCw::Due Date","Due Date"
"Customweb_SaferpayCw::During authorization","During the authorisation"
"Customweb_SaferpayCw::Edit","Edit"
"Customweb_SaferpayCw::Edit Invoice %s","Edit Invoice %s"
"Customweb_SaferpayCw::Effective Payment Method Name","Effective Payment Method Name"
"Customweb_SaferpayCw::Email Address","Email Address"
"Customweb_SaferpayCw::Empty version number field name","Empty version number field name"
"Customweb_SaferpayCw::Enable or disable logging.","Enable or disable logging."
"Customweb_SaferpayCw::Enable the payment method","Enable this payment method"
"Customweb_SaferpayCw::Enabled","Enabled"
"Customweb_SaferpayCw::Enter the date on which your card expires.","Enter the card expiry date."
"Customweb_SaferpayCw::Error server responded with status code @status","Error server responded with status code @status"
"Customweb_SaferpayCw::Error with the length of the validation date.","Error with the length of the validation date."
"Customweb_SaferpayCw::Excl. Tax","Excl. Tax"
"Customweb_SaferpayCw::Expired Token.","Expired Token."
"Customweb_SaferpayCw::External Checkout","External Checkout"
"Customweb_SaferpayCw::External Checkout: Guest Checkout","External Checkout: Guest Checkout"
"Customweb_SaferpayCw::Failed","Failed"
"Customweb_SaferpayCw::Failed payment authorization.","The authorization failed."
"Customweb_SaferpayCw::Failed with error: !name","Failed with error: !name"
"Customweb_SaferpayCw::Failed with new error: !name","Failed with new error: !name"
"Customweb_SaferpayCw::Failed with unkown error: !name","Failed due to unknown error: !name"
"Customweb_SaferpayCw::Female","Female"
"Customweb_SaferpayCw::Figure !number:","Figure !number:"
"Customweb_SaferpayCw::For transaction using an existing alias the CVC check can be desabled. The shipping address is checked instead.","For transaction using an existing alias the CVC check can be disabled. The shipping address is checked instead."
"Customweb_SaferpayCw::Forgot Your Password?","Forgot Your Password?"
"Customweb_SaferpayCw::Forgot your password?","Forgot your password?"
"Customweb_SaferpayCw::Gender","Gender"
"Customweb_SaferpayCw::Get Update","Get Update"
"Customweb_SaferpayCw::Gl??ubiger-Identifikationsnummer: !CREDITOR_ID<br/> Mandatsreferenz: !MANDATE_REFERENCE<br/> Datum: !DATE<br/> <br/> Ich !CUSTOMER erm??chtige !MERCHANT_NAME widerruflich, lt. meinen vorherigen Eingaben den oben genannten Betrag und die von mir zuk??nftig zu entrichtenden Zahlungen bei F??lligkeit von meinem Konto mittels Lastschrift einzuziehen. Zugleich weise ich mein Kreditinstitut an, die von auf mein Konto gezogenen Lastschriften einzul??sen.<br/> <br/> Hinweis: Ich kann innerhalb von acht Wochen, beginnend mit dem Belastungsdatum, die Erstattung des belasteten Betrages verlangen. Es gelten dabei die mit meinem Kreditinstitut vereinbarten Bedingungen.<br/> Hiermit best??tige ich das SEPA-Lastschriftmandat","Creditor ID: !CREDITOR_ID<br/> Mandate reference: !MANDATE_REFERENCE<br/> Date: !DATE<br/> <br/> I !CUSTOMER, authorise  !MERCHANT_NAME revocably to use the account information provided by me to directly debit my bank account for any future payments to be made. Also, I In addition, I instruct my bank to process the direct debit payments. <br/> <br/> Note: Within eight weeks from the debit date I can demand a refund for the debited amount. The conditions agreed upon with my credit institute apply.<br/> I hereby confirm the SEPA direct debit mandate."
"Customweb_SaferpayCw::GlÃ¤ubiger-Identifikationsnummer: !MERCHANT_IBAN<br/> Mandatsreferenz: !MANDATE_REFERENCE<br/> Datum: !DATE<br/> <br/> Ich !CUSTOMER ermÃ¤chtige !MERCHANT_NAME widerruflich, lt. meinen vorherigen Eingaben den oben genannten Betrag und die von mir zukÃ¼nftig zu entrichtenden Zahlungen bei FÃ¤lligkeit von meinem Konto mittels Lastschrift einzuziehen. Zugleich weise ich mein Kreditinstitut an, die von auf mein Konto gezogenen Lastschriften einzulÃ¶sen.<br/> <br/> Hinweis: Ich kann innerhalb von acht Wochen, beginnend mit dem Belastungsdatum, die Erstattung des belasteten Betrages verlangen. Es gelten dabei die mit meinem Kreditinstitut vereinbarten Bedingungen.<br/> Hiermit bestÃ¤tige ich das SEPA-Lastschriftmandat","Creditor identification number: !MERCHANT_IBAN<br/> Mandate reference: !MANDATE_REFERENCE<br/> Date: !DATE<br/> <br/> I, !CUSTOMER, authorise  !MERCHANT_NAME revocably to collect, according to my payment information, the amount stated above and the payments payable from my account by means of direct debit. Consequently, I instruct my credit institute, to encash the direct debit payments made from my account. <br/> <br/>Please note: I have the right to request reimbursement for the charged amount within eight weeks according to the terms of conditions agreed on with my credit institute.<br/> Hereby I confirm the SEPA direct debit mandate."
"Customweb_SaferpayCw::Here you can insert an order prefix. The prefix allows you to change the order number that is transmitted to Authorize.net. The prefix must contain the tag {id}. It will then be replaced by the order number (e.g. name_{id}).","Here you can insert an order prefix. The prefix allows you to change the order number that is transmitted to Saferpay. The prefix must contain the tag {id}. It will then be replaced by the order number (e.g. name_{id})."
"Customweb_SaferpayCw::Here you can insert an order prefix. The prefix allows you to change the order number that is transmitted to Saferpay. The prefix must contain the tag {id}. It will then be replaced by the order number (e.g. name_{id}).","Here you can insert an order prefix. The prefix allows you to change the order number that is transmitted to Saferpay. The prefix must contain the tag {id}. It will then be replaced by the order number (e.g. name_{id})."
"Customweb_SaferpayCw::Hide","Hide"
"Customweb_SaferpayCw::I agree that my personal data are transmitted to <a href='https://billpay.de/endkunden' target='blank'> Billpay GmbH</a> in order to perfrom an idenity and solvency check. Billpay's <a href='!link'>Privacy Policy</a> applies.","I agree that my personal data is transmitted to <a href='https://billpay.de/endkunden' target='blank'> Billpay GmbH</a> in order to perform an identity and solvency check. Billpay's <a href='!link'>Privacy Policy</a> applies."
"Customweb_SaferpayCw::I agree.","I agree"
"Customweb_SaferpayCw::IBAN","IBAN"
"Customweb_SaferpayCw::IBAN number","Bank account number (IBAN)"
"Customweb_SaferpayCw::IBAN: @iban","IBAN: @iban"
"Customweb_SaferpayCw::If a product is in stock only once and the payment of the customer ordering this product fails or is aborted, it won't be available until the order is canceled (see timeout option below). Enable this setting to cancel the customer's pending orders when he returns to the cart page and a product is not available anymore.","If a product is in stock only once and the payment of the customer ordering this product fails or is aborted, the item will be reserved until the payment is cancelled (see timeout option below). Activate this option if you do NOT wish to reserve the item in case of an aborted or failed payment. The order will then be cancelled immediately."
"Customweb_SaferpayCw::If a product is in stock only once and the payment of the customer ordering this product fails or is aborted, it won't be available until the order is canceled (see timeout option below). Enable this setting to cancel the customer's pending orders when he returns to the cart page and a product is not available anymore. Be careful though: If you enable this option, there is a chance that payments are made with the corresponding order being already canceled.","If a product is in stock only once and the payment of the customer ordering this product fails or is aborted, it won't be available until the order is canceled (see timeout option below). Enable this setting to cancel the customer's pending orders when he returns to the cart page and a product is not available anymore. Be careful though: If you enable this option, there is a chance that payments are made with the corresponding order already being canceled."
"Customweb_SaferpayCw::If it is not applicable leave the field empty.","If it is not applicable leave the field empty."
"Customweb_SaferpayCw::If no liability shift is given by a transaction, should the transaction be marked as uncertain?","If no liability shift is given for a transaction, should the transaction be marked as uncertain?"
"Customweb_SaferpayCw::If the status is 'Pending' it is unclear whether the transaction will be cancelled successfully.","If the status is 'Pending' it is unclear whether the transaction will be cancelled successfully."
"Customweb_SaferpayCw::If the status is 'Pending' it is unclear whether the transaction will be captured successfully.","If the status is 'Pending' it is unclear whether the transaction will be captured successfully."
"Customweb_SaferpayCw::If the status is 'Pending' it is unclear whether the transaction will be refunded successfully.","If the status is 'Pending' it is unclear whether the transaction will be refunded successfully."
"Customweb_SaferpayCw::If the test mode is selected the test account id (99867-94913159) is used. Otherwise the configured account id is used.","If the test mode is selected, the test Account ID (99867-94913159) is used. Otherwise the configured Account ID will be used."
"Customweb_SaferpayCw::If the test mode is selected the test account id is used. Otherwise the configured live account id is used.","If the test mode is selected the test account ID is used. Otherwise the configured live account ID is used."
"Customweb_SaferpayCw::If the test mode is selected the test account is used. Otherwise the configured account is used.","If the test mode is selected the test account is used. Otherwise the configured account is used."
"Customweb_SaferpayCw::If you have any issues with the module please feel free to contact us. See our <a href='https://www.sellxed.com/en/support' target='_blank'>support page</a> for more information.","If you have any issues with the module please feel free to contact us. See our <a href='https://www.sellxed.com/en/support' target='_blank'>support page</a> for more information."
"Customweb_SaferpayCw::If you would like to use recurring payments, you need our magento module ""Customweb Subscription"". For further information go to <a href=""http://www.sellxed.com/shop/"" target=""_blank"">sellxed.com</a>.","If you would like to use recurring payments, you need our Magento module ""Customweb Subscription"". For further information go to <a href=""http://www.sellxed.com/shop/"" target=""_blank"">sellxed.com</a>."
"Customweb_SaferpayCw::Image Brand Selection","Image Brand Selection"
"Customweb_SaferpayCw::In case hidden authorization is used, the brand of the credit card is detected by the card number and the card number is validated accordingly. This setting enables the restriction of the allowed brands.","In case hidden authorization is used, the brand of the credit card is detected by the card number and the card number is validated accordingly. This setting enables the restriction of the allowed brands."
"Customweb_SaferpayCw::In some cases it may take a few seconds until the transaction is successfully authorized. When this option is enabled, the notification is awaited.","In some cases it may take a few seconds until the transaction is successfully authorized. When this option is enabled, the notification is awaited."
"Customweb_SaferpayCw::In some cases the customer switch the payment method or select a more specific one. This label shows the effective one.","In some cases the customer may switch the payment method or select a more specific one. This label shows the effective one."
"Customweb_SaferpayCw::In some cases the transaction requires a few seconds until it is successfully authorized. When this option is enabled the user is hold until the transaction reach the final state. If this is not the case in 30 seconds a message is shown to the customer, which explains the situation.","In some cases the transaction requires a few seconds until it is successfully authorized. When this option is enabled the user is on hold until the transaction reaches the final state. If this is not the case in 30 seconds a message is shown to the customer, which explains the situation."
"Customweb_SaferpayCw::Inactive","Inactive"
"Customweb_SaferpayCw::Incl. Tax","Incl. Tax"
"Customweb_SaferpayCw::Inform customer by Saferpay","Inform customer through Saferpay"
"Customweb_SaferpayCw::Inform the customer","Inform customer"
"Customweb_SaferpayCw::Information","Information"
"Customweb_SaferpayCw::Internal error at ____paymentServiceProvider____.","Internal error at ____paymentServiceProvider____."
"Customweb_SaferpayCw::Invalid Currency.","Invalid Currency."
"Customweb_SaferpayCw::Invalid Token.","Invalid Token."
"Customweb_SaferpayCw::Invalid amount.","Invalid amount."
"Customweb_SaferpayCw::Invalid credit card data: Please check your credit card data.","Invalid credit card data: Please check your credit card data."
"Customweb_SaferpayCw::Invalid credit card data: The expiration date has to be in the future.","Invalid credit card data: The expiration date has to be in the future."
"Customweb_SaferpayCw::Invalid credit card data: The given card number is not valid.","Invalid credit card number entered."
"Customweb_SaferpayCw::Invalid login or password.","Invalid login or password."
"Customweb_SaferpayCw::Invalid payment means.","Invalid payment means."
"Customweb_SaferpayCw::Invoice Items","Invoice Items"
"Customweb_SaferpayCw::Invoice Settlement","Invoice Settlement"
"Customweb_SaferpayCw::Invoice Totals","Invoice Totals"
"Customweb_SaferpayCw::Invoice settlement","Invoice settlement"
"Customweb_SaferpayCw::Invoice was created successfully","Invoice was successfully created"
"Customweb_SaferpayCw::Invoices","Invoices"
"Customweb_SaferpayCw::Issue Number","Issue Number"
"Customweb_SaferpayCw::It is not possible to checkout in your country.","It is not possible to checkout in your country."
"Customweb_SaferpayCw::Item","Item"
"Customweb_SaferpayCw::Items","Items"
"Customweb_SaferpayCw::Items Refunded","Items Refunded"
"Customweb_SaferpayCw::JCB","JCB"
"Customweb_SaferpayCw::LLC","LLC"
"Customweb_SaferpayCw::Laser Card","Laser"
"Customweb_SaferpayCw::Learn More","Learn More"
"Customweb_SaferpayCw::Legal form","Legal form"
"Customweb_SaferpayCw::Legalform","Legalform"
"Customweb_SaferpayCw::Liability Shift Behavior","Liability shift behaviour"
"Customweb_SaferpayCw::Live API password","Live API password"
"Customweb_SaferpayCw::Live Customer ID","Live Customer ID"
"Customweb_SaferpayCw::Live HMAC Key","Live HMAC Key"
"Customweb_SaferpayCw::Live Identifier (PBX_IDENTIFIANT)","Live Identifier (PBX_IDENTIFIANT)"
"Customweb_SaferpayCw::Live JSON API password","Live JSON API password"
"Customweb_SaferpayCw::Live JSON Username","Live JSON Username"
"Customweb_SaferpayCw::Live MoTo Terminal ID","Live MoTo Terminal ID"
"Customweb_SaferpayCw::Live Mode","Live Mode"
"Customweb_SaferpayCw::Live Password","Live Password"
"Customweb_SaferpayCw::Live Rang (PBX_RANG)","Live Rang (PBX_RANG)"
"Customweb_SaferpayCw::Live Site ID (PBX_SITE)","Live Site ID (PBX_SITE)"
"Customweb_SaferpayCw::Live Terminal ID","Live Terminal ID"
"Customweb_SaferpayCw::Live account ID","Live account ID"
"Customweb_SaferpayCw::Logging","Logging"
"Customweb_SaferpayCw::Login","Login"
"Customweb_SaferpayCw::Login & Register","Login & Register"
"Customweb_SaferpayCw::Login and password are required.","Login and password are required."
"Customweb_SaferpayCw::Ltd.","Ltd."
"Customweb_SaferpayCw::Maestro","Maestro"
"Customweb_SaferpayCw::Mail Order / Telephone Order (MoTo)","Mail Order/Telephone Order (MoTo)"
"Customweb_SaferpayCw::Mail order/telephone order authorization","Mail order/telephone order authorization"
"Customweb_SaferpayCw::Male","Male"
"Customweb_SaferpayCw::Manage Stores","Manage Stores"
"Customweb_SaferpayCw::Manage Saferpay Aliases","Manage Saferpay Aliases"
"Customweb_SaferpayCw::Mandate text","Mandate text"
"Customweb_SaferpayCw::Mandatory","Mandatory"
"Customweb_SaferpayCw::Mark transactions without liability shift as uncertain","Mark transactions without liability shift as uncertain"
"Customweb_SaferpayCw::MasterCard","MasterCard"
"Customweb_SaferpayCw::MasterPass","MasterPass"
"Customweb_SaferpayCw::MasterPass: Order Confirmation","MasterPass: Order Confirmation"
"Customweb_SaferpayCw::Mastercard","MasterCard"
"Customweb_SaferpayCw::Maximum Order Total","Maximal order total"
"Customweb_SaferpayCw::Merchant IBAN (Mandate)","Merchant IBAN (Mandate)"
"Customweb_SaferpayCw::Merchant Name (Mandate)","Merchant Name (Mandate)"
"Customweb_SaferpayCw::Merchant email","Merchant email"
"Customweb_SaferpayCw::Message","Message"
"Customweb_SaferpayCw::Method Title","Method Title"
"Customweb_SaferpayCw::Minimum Order Total","Minimum order total"
"Customweb_SaferpayCw::Minimum order price !price","Minimum order price !price"
"Customweb_SaferpayCw::Missing permissions for this action.","Missing permissions for this action."
"Customweb_SaferpayCw::Month","Month"
"Customweb_SaferpayCw::My Saferpay Aliases","My Saferpay Aliases"
"Customweb_SaferpayCw::New Order","New Ordern"
"Customweb_SaferpayCw::New Order Status","New order status"
"Customweb_SaferpayCw::New card","New card"
"Customweb_SaferpayCw::Next Update Execution Date","Next Update Execution Date"
"Customweb_SaferpayCw::No","No"
"Customweb_SaferpayCw::No CVC provided.","No CVC provided."
"Customweb_SaferpayCw::No IBAN provided.","No IBAN set."
"Customweb_SaferpayCw::No Items","No Items"
"Customweb_SaferpayCw::No additional payment information available.","No additional payment information available"
"Customweb_SaferpayCw::No address is sent","Don't send address"
"Customweb_SaferpayCw::No authorization method found for payment method !method.","No authorization method found for payment method !method."
"Customweb_SaferpayCw::No billing address was returned.","No billing address was returned."
"Customweb_SaferpayCw::No button returned.","No button returned."
"Customweb_SaferpayCw::No date of birth provided.","No date of birth provided."
"Customweb_SaferpayCw::No delivery address was returned.","No delivery address was returned."
"Customweb_SaferpayCw::No gender provided.","No gender provided."
"Customweb_SaferpayCw::No legal form provided.","No legal form provided."
"Customweb_SaferpayCw::No method wrapper found for payment method '!method'.","No method wrapper found for payment method '!method'."
"Customweb_SaferpayCw::No redirect url or token received.","No redirect URL or token received."
"Customweb_SaferpayCw::No refund possible.","No refund possible"
"Customweb_SaferpayCw::No shipping method needed.","No shipping method needed."
"Customweb_SaferpayCw::No theme","No theme"
"Customweb_SaferpayCw::No, use the dropdown.","No, use the dropdown menu."
"Customweb_SaferpayCw::None","None"
"Customweb_SaferpayCw::Normal mode","Normal mode"
"Customweb_SaferpayCw::Not an alias transaction","Not an alias transaction"
"Customweb_SaferpayCw::Not supported","Not supported"
"Customweb_SaferpayCw::Only an authorized transaction can be marked as finally declined.","Only authorized transactions can be marked as finally declined."
"Customweb_SaferpayCw::Only an uncertain transaction can be marked as finally declined.","Only uncertain transactions can be marked as finally declined."
"Customweb_SaferpayCw::Only authorized transaction can be cancelled.","Only authorised transaction can be cancelled."
"Customweb_SaferpayCw::Only authorized transaction can be captured.","Only authorised transactions can be captured."
"Customweb_SaferpayCw::Only authorized transaction can be refunded.","Only authorised transaction can be refunded."
"Customweb_SaferpayCw::Only captured transaction can be refunded.","Only captured transaction can be refunded."
"Customweb_SaferpayCw::Only delivery address is sent","Only delivery address is sent"
"Customweb_SaferpayCw::Only on captured transaction the flag customer refusing to pay can be set.","It is only possible to set a flag for customers refusing to pay on captured transactions."
"Customweb_SaferpayCw::Operation Mode","Operation mode"
"Customweb_SaferpayCw::Order #","Order Number"
"Customweb_SaferpayCw::Order Grand Total","Order Grand Total"
"Customweb_SaferpayCw::Order Information","Order Information"
"Customweb_SaferpayCw::Order Prefix","Order Prefix"
"Customweb_SaferpayCw::Order Review","Order Review"
"Customweb_SaferpayCw::Order Summary","Order Summary"
"Customweb_SaferpayCw::Order Total","Order total"
"Customweb_SaferpayCw::Order cancelled, because the customer was too long in the payment process of Saferpay.","Order cancelled because the customer was in the payment process of Saferpay for too long."
"Customweb_SaferpayCw::Order prefix","Order prefix"
"Customweb_SaferpayCw::Order was placed using %s","Order was placed using %s"
"Customweb_SaferpayCw::Orders","Orders"
"Customweb_SaferpayCw::Orders with with payments that are longer pending than the specified timeout in minutes are cancelled automatically.","Orders, with payments that have been pending for longer than the specified time-out in minutes, are cancelled automatically. To use this feature you have to setup the Magento cron."
"Customweb_SaferpayCw::Other","Other"
"Customweb_SaferpayCw::Paid Amount","Paid Amount"
"Customweb_SaferpayCw::Partial refund not possible. You may retry with the total transaction amount.","Partial refund not possible. The sum is larger than the total captured amount."
"Customweb_SaferpayCw::Password","Password"
"Customweb_SaferpayCw::Password and password confirmation are not equal.","""Password"" and ""Password Confirmation"" don't match."
"Customweb_SaferpayCw::Pay with ____paymentMethodName____","Pay with ____paymentMethodName____"
"Customweb_SaferpayCw::Payment","Payment"
"Customweb_SaferpayCw::Payment Details","Payment Details"
"Customweb_SaferpayCw::Payment ID","Payment ID"
"Customweb_SaferpayCw::Payment Id","Payment ID"
"Customweb_SaferpayCw::Payment Information","Payment Information"
"Customweb_SaferpayCw::Payment Method","Payment Method"
"Customweb_SaferpayCw::Payment Method Name","Payment Method Name"
"Customweb_SaferpayCw::Payment Note","Payment Note"
"Customweb_SaferpayCw::Payment Page CSS URL","Payment Page CSS URL"
"Customweb_SaferpayCw::Payment Page Configuration Name","Payment page configuration name"
"Customweb_SaferpayCw::Payment Page Theme","Payment Page Theme"
"Customweb_SaferpayCw::Payment Reason","Payment Reason"
"Customweb_SaferpayCw::Payment captured successfully.","Payment captured successfully"
"Customweb_SaferpayCw::Payment could not be authorized. Cancelling order. Reason : ","Payment could not be authorised. Order is being cancelled for the reason:"
"Customweb_SaferpayCw::Payment details can be entered after placing the order","Payment details can be entered after placing the order"
"Customweb_SaferpayCw::Payment from Applicable Countries","Payment from applicable countries"
"Customweb_SaferpayCw::Payment from Specific Countries","Payment from specific countries"
"Customweb_SaferpayCw::Payment from applicable countries","Payment from applicable countries"
"Customweb_SaferpayCw::Payment from specific countries","Payment from specific countries"
"Customweb_SaferpayCw::Payment is pending at SaferpayCw","Payment is pending with SaferpayCw"
"Customweb_SaferpayCw::Payment method description","Payment method description"
"Customweb_SaferpayCw::Payment method not available.","Payment method not available."
"Customweb_SaferpayCw::Payment note","Payment note"
"Customweb_SaferpayCw::Payment period extension","Payment period extension"
"Customweb_SaferpayCw::Payment with %s","Payment with %s"
"Customweb_SaferpayCw::Payment with Saferpay","Payment with Saferpay"
"Customweb_SaferpayCw::Payments may be updated periodically (interval in minutes). To use this feature you have to setup magento cron","The state of the payment will be be updated periodically (interval in minutes) via API if activated. To use this feature you have to setup Magento cron."
"Customweb_SaferpayCw::Pending","Pending"
"Customweb_SaferpayCw::Pending SaferpayCw","Pending SaferpayCw"
"Customweb_SaferpayCw::Place Order","Place Order"
"Customweb_SaferpayCw::Please agree to all the terms and conditions before placing the order.","Please agree to all the terms and conditions before placing the order."
"Customweb_SaferpayCw::Please check the entered CVC number.","Please check the entered CVC number."
"Customweb_SaferpayCw::Please check the entered credit card number.","Please check the entered credit card number."
"Customweb_SaferpayCw::Please check your card details.","Please check your card details."
"Customweb_SaferpayCw::Please check your payment details.","Please check your payment details."
"Customweb_SaferpayCw::Please choose the legal form of your company.","Please choose the legal form of your company."
"Customweb_SaferpayCw::Please choose your gender","Please choose your gender"
"Customweb_SaferpayCw::Please enter here the Bank Identifier Code (BIC).","Please enter here the Bank Identifier Code (BIC)."
"Customweb_SaferpayCw::Please enter here the CVC code from your card. You find the code on the back of the card.","Please enter the CVC code from your card. You can find the code on the back of the card."
"Customweb_SaferpayCw::Please enter here the International Bank Account Number (IBAN).","Please enter here the International Bank Account Number (IBAN)."
"Customweb_SaferpayCw::Please enter here the account holder name on the card.","Please enter here the account holder name on the card."
"Customweb_SaferpayCw::Please enter here the account holder name.","Please enter here the account holder name."
"Customweb_SaferpayCw::Please enter here the account number of your bank account.","Please enter here the International Bank Account Number (IBAN)."
"Customweb_SaferpayCw::Please enter here the bank code of your bank.","Please enter here the bank code of your bank"
"Customweb_SaferpayCw::Please enter here the card holder name on the card.","Please enter the card holder's name."
"Customweb_SaferpayCw::Please enter here the commercial number of your company.","Please enter the commercial number of your company."
"Customweb_SaferpayCw::Please enter here the name of the account owner.","Please enter the name of the account owner"
"Customweb_SaferpayCw::Please enter here the number on your card.","Please enter your card number."
"Customweb_SaferpayCw::Please enter here the sales tax number of your company.","Please enter here the sales tax number of your company."
"Customweb_SaferpayCw::Please enter here your social security number.","Please enter your social security number."
"Customweb_SaferpayCw::Please enter the creditor identifier that you are able to receive from the Bundesbank (see http://www.bundesbank.de/Navigation/EN/Tasks/Payment_systems/SEPA/Creditor_Identifier/creditor_identifier.html)","Please enter the creditor identifier that you are able to receive from the Bundesbank (see http://www.bundesbank.de/Navigation/EN/Tasks/Payment_systems/SEPA/Creditor_Identifier/creditor_identifier.html)"
"Customweb_SaferpayCw::Please enter the location of your bank.","Please enter the location of your bank."
"Customweb_SaferpayCw::Please enter the name of your bank.","Please enter the name of your bank."
"Customweb_SaferpayCw::Please enter the name of your company if you order for your company.","If you are ordering for your company, please enter the name of your company."
"Customweb_SaferpayCw::Please enter your IBAN number.","Please enter your IBAN number."
"Customweb_SaferpayCw::Please enter your issue number, if there is no CVC code on your card.","Please enter your issue number, if there is no CVC code on your card."
"Customweb_SaferpayCw::Please flash or disable the cache storage and retry. If this did not help, change the authorization method to PaymentPage and <a href=""%s"" target=""_blank"">contact sellxed</a>.","Please flash or disable the cache storage and retry. If this did not help, change the authorization method to PaymentPage and <a href=""%s"" target=""_blank"">contact sellxed</a>."
"Customweb_SaferpayCw::Please flash or disable the cache storage and retry. If this did not help, change the authorization method to PaymentPage and <a href=""%s"" target=""_blank"">contact sellxed</a>.', 'http://www.sellxed.com/en/support","Please empty or disable the cache storage and retry. If this did not help, change the authorization method to PaymentPage and <a href=""%s"" target=""_blank"">contact sellxed</a>.', 'http://www.sellxed.com/en/support"
"Customweb_SaferpayCw::Please flush or disable the cache storage and retry. If this did not help, change the authorization method to PaymentPage and <a href=""%s"" target=""_blank"">contact sellxed</a>.","Please flush or disable the cache storage and retry. If this did not help, change the authorization method to PaymentPage and <a href=""%s"" target=""_blank"">contact sellxed</a>."
"Customweb_SaferpayCw::Please log in below:","Please log in below:"
"Customweb_SaferpayCw::Please note that your invoice is paid when the amount has successfully arrived the account named above.","Please note that your invoice is paid when the amount has successfully arrived the account named above."
"Customweb_SaferpayCw::Please read and confirm our terms and conditions!","Please read and confirm our terms and conditions!"
"Customweb_SaferpayCw::Please select","Please select"
"Customweb_SaferpayCw::Please select a shipping method before sending the order.","Please select a shipping method before sending the order."
"Customweb_SaferpayCw::Please select the Bank Identifier Code (BIC) of your bank.","Please select the Bank Identifier Code (BIC) of your bank."
"Customweb_SaferpayCw::Please select the day of your birth.","Please select the day of your birth."
"Customweb_SaferpayCw::Please select the day on which you were born.","Select the day of your birthday"
"Customweb_SaferpayCw::Please select the expiry month on your card.","You have to enter the month of the card expiry"
"Customweb_SaferpayCw::Please select the expiry year on your card.","Please select your card's year of expiry."
"Customweb_SaferpayCw::Please select the month in which you were born.","Select the month of your birthday"
"Customweb_SaferpayCw::Please select the month of your birth.","Please select the month of your birth."
"Customweb_SaferpayCw::Please select the the year of your birth.","Please select the the year of your birth."
"Customweb_SaferpayCw::Please select the year in which you were born.","Please select the year in which you were born."
"Customweb_SaferpayCw::Please wait, processing your order...","Please wait, processing your order..."
"Customweb_SaferpayCw::Possible fraud detected. Parameters send from SaferpayCw were not correct.","Possible fraud detected. Parameters sent from SaferpayCw were not correct."
"Customweb_SaferpayCw::Price","Price"
"Customweb_SaferpayCw::Product","Product"
"Customweb_SaferpayCw::Product Name","Product name"
"Customweb_SaferpayCw::Purchase Point","Point of Purchase"
"Customweb_SaferpayCw::Qty","Qty"
"Customweb_SaferpayCw::Received malformed response.","Received malformed response."
"Customweb_SaferpayCw::Received unknown refund state: !state","Received unknown refund state: !state"
"Customweb_SaferpayCw::Received unknown transaction state: !state","Received unknown transaction state: !state"
"Customweb_SaferpayCw::Received unkown refund state: !state","Received unkown refund state: !state"
"Customweb_SaferpayCw::Received unkown transaction state: !state","Received unkown transaction state: !state"
"Customweb_SaferpayCw::Received wrong transaction type: !type","Received wrong transaction type: !type"
"Customweb_SaferpayCw::Received wrong type: !type","Received wrong type: !type"
"Customweb_SaferpayCw::Recurring Payments","Recurring Payments"
"Customweb_SaferpayCw::Reference: @reference","Reference: @reference"
"Customweb_SaferpayCw::Refund Amount","Refunded amount"
"Customweb_SaferpayCw::Refund ID","Refund ID"
"Customweb_SaferpayCw::Refund amount","Refunded amount"
"Customweb_SaferpayCw::Refund information","Refund information"
"Customweb_SaferpayCw::Refund of !amount failed because no card reference id was provided. This most likely because you try to refund a transaction authorized over the payment page. (Code: !result).","Refund of !amount failed because no card reference id was provided. This most likely because you try to refund a transaction authorized over the payment page. (Code: !result)."
"Customweb_SaferpayCw::Refund of !amount failed with code: !result.","Refund of !amount failed with code: !result"
"Customweb_SaferpayCw::Refund status","Refund status"
"Customweb_SaferpayCw::Refunded Amount","Refunded amount"
"Customweb_SaferpayCw::Refunding Transaction '!transactionId'","Refund Transaction ID: !transactionId"
"Customweb_SaferpayCw::Refunds","Credit Memo"
"Customweb_SaferpayCw::Register","Register"
"Customweb_SaferpayCw::Register to Create an Account","Register to create an account"
"Customweb_SaferpayCw::Register with us for future convenience:","Register with us for future convenience:"
"Customweb_SaferpayCw::Release Date","Release Date"
"Customweb_SaferpayCw::Request Validation failed.","Request validation failed."
"Customweb_SaferpayCw::Review","Review"
"Customweb_SaferpayCw::Rounding Adjustment","Rounding Adjustments"
"Customweb_SaferpayCw::Row Total","Row Total"
"Customweb_SaferpayCw::SEPA Mandate ID","SEPA Mandate ID"
"Customweb_SaferpayCw::SKU","SKU"
"Customweb_SaferpayCw::Saferpay Test Card","Saferpay Test Card"
"Customweb_SaferpayCw::Sales","Sales"
"Customweb_SaferpayCw::Sales Tax Number","Sales Tax Number"
"Customweb_SaferpayCw::Save","Save"
"Customweb_SaferpayCw::Saved cards:","Saved cards:"
"Customweb_SaferpayCw::See order and shipping status","See order and shipping status"
"Customweb_SaferpayCw::Select Brand","Select card brand"
"Customweb_SaferpayCw::Select Method","Select Method"
"Customweb_SaferpayCw::Select the authorization method to use for processing this payment method.","Select the authorisation method to use in order to process this payment method. (Please be aware that the hidden mode for credit cards (if available) requires additional PCI certification requirements. Contact Saferpay for additional information)."
"Customweb_SaferpayCw::Select the date of your birth.","Select your date of birth."
"Customweb_SaferpayCw::Select the date on which your card expires.","Select the expiry date of your card."
"Customweb_SaferpayCw::Select your companys legal form.","Select your companys legal form."
"Customweb_SaferpayCw::Select your date of birth.","Select your date of birth."
"Customweb_SaferpayCw::Select your gender.","Please select your gender."
"Customweb_SaferpayCw::Sellxed On Hold","Sellxed On Hold"
"Customweb_SaferpayCw::Send Invoice Email","Send Invoice Email"
"Customweb_SaferpayCw::Send amounts to Saferpay in base currency.","Send amounts to Saferpay in base currency."
"Customweb_SaferpayCw::Send amounts to Saferpay in store's base currency.","Send amounts to Saferpay in store's base currency."
"Customweb_SaferpayCw::Send invoice email","Send invoice email"
"Customweb_SaferpayCw::Send the invoice email automatically after invoice creation.","Send the invoice email automatically after invoice creation."
"Customweb_SaferpayCw::Server responded '!response'","Server responded '!response'"
"Customweb_SaferpayCw::Server responded with unexpected headers '!response'","Server responded with unexpected headers '!response'"
"Customweb_SaferpayCw::Session timed out, please try again.","Session timed out, please try again."
"Customweb_SaferpayCw::Set direct capture after order. In this case your authoization will directly be captured on your customer's credit card","With 'direct capturing' the the customer is debited directly after completion of payment. In the case of 'deferred capturing' the amount is debited at a moment defined by you."
"Customweb_SaferpayCw::Set the sort order to show the external checkouts.","Set the sort order to show the external checkouts."
"Customweb_SaferpayCw::Settlement after order","Settlement after order"
"Customweb_SaferpayCw::Shipping & Handling","Shipping & Handling"
"Customweb_SaferpayCw::Shipping Address","Delivery address"
"Customweb_SaferpayCw::Shipping Amount","Shipping Amount"
"Customweb_SaferpayCw::Shipping Information","Shipping Information"
"Customweb_SaferpayCw::Shipping Method","Shipping Method"
"Customweb_SaferpayCw::Shipping Methods","Shipping Methods"
"Customweb_SaferpayCw::Shipping Refund","Shipping Refund"
"Customweb_SaferpayCw::Shipping address of this transaction and initial alias transaction do not match.","Shipping address of this transaction and initial alias transaction do not match."
"Customweb_SaferpayCw::Shop","Shop"
"Customweb_SaferpayCw::Should Saferpay display a field requesting the card holder name on their page?","Should Saferpay display a field requesting the card holder name on their page?"
"Customweb_SaferpayCw::Should Saferpay send a confirmation email to the customer. (Available only if the customer is redirected to Saferpay.)","Should Saferpay send a confirmation email to the customer? (Available only if the customer is redirected to Saferpay)."
"Customweb_SaferpayCw::Should the amount be captured automatically after the order (direct) or should the amount only be reserved (deferred)?","Should the amount be captured automatically after the order (direct) or should the amount only be reserved (deferred)?"
"Customweb_SaferpayCw::Should the billing address be sent to Saferpay?","Should the billing address be sent to Saferpay?"
"Customweb_SaferpayCw::Should the customer address be sent to Saferpay?","Decide if you want to send the shipping address to Saferpay."
"Customweb_SaferpayCw::Show","Show"
"Customweb_SaferpayCw::Show Account Selection","Show Account Selection"
"Customweb_SaferpayCw::Show Further Settings and Information","Show further settings and information"
"Customweb_SaferpayCw::Show Image","Show Image"
"Customweb_SaferpayCw::Show Payment Id","Show Payment ID"
"Customweb_SaferpayCw::Show the payment id","Show the payment ID"
"Customweb_SaferpayCw::Show the payment id in the order information","Show the payment ID in the order information."
"Customweb_SaferpayCw::Show the payment image","Show the payment image"
"Customweb_SaferpayCw::Show the payment image on the checkout page","Show the payment image on the checkout page"
"Customweb_SaferpayCw::Sign In","Sign In"
"Customweb_SaferpayCw::Six","Six"
"Customweb_SaferpayCw::Social Security Number","Social Security Number"
"Customweb_SaferpayCw::Sort Order","Sort Order"
"Customweb_SaferpayCw::Status","State"
"Customweb_SaferpayCw::Store the payment details","Store the payment details"
"Customweb_SaferpayCw::Stored payment details","Stored payment details"
"Customweb_SaferpayCw::Submit Order","Submit Order"
"Customweb_SaferpayCw::Submitting order information...","Submitting order information..."
"Customweb_SaferpayCw::Subtotal","Subtotal"
"Customweb_SaferpayCw::Success","Successful"
"Customweb_SaferpayCw::Successful","Successful"
"Customweb_SaferpayCw::Successful online refund of amount","Successful online refund of amount"
"Customweb_SaferpayCw::Successful payment authorization.","Successful payment authorization"
"Customweb_SaferpayCw::Successfull online refund of amount","Successful online refund of amount"
"Customweb_SaferpayCw::Support","Support"
"Customweb_SaferpayCw::Tax Amount","Tax Amount"
"Customweb_SaferpayCw::Technical error, please contact merchant.","Technical error, please contact merchant."
"Customweb_SaferpayCw::Technical error, please try again.","Technical error, please try again."
"Customweb_SaferpayCw::Technical issue: This payment methods is not available at the moment.","Technical issue: This payment method is not available at the moment."
"Customweb_SaferpayCw::Technical problem, please contact the merchant.","Technical problem, please contact the merchant."
"Customweb_SaferpayCw::Test API password","Test API password"
"Customweb_SaferpayCw::Test Account ID","Test Account ID"
"Customweb_SaferpayCw::Test Customer ID","Test Customer ID"
"Customweb_SaferpayCw::Test JSON API Password","Test JSON API Password"
"Customweb_SaferpayCw::Test JSON Username","Test JSON Username"
"Customweb_SaferpayCw::Test MoTo Terminal ID","Test MoTo Terminal ID"
"Customweb_SaferpayCw::Test Mode","Test Mode"
"Customweb_SaferpayCw::Test Terminal ID","Test Terminal ID"
"Customweb_SaferpayCw::Test Transaction","Test Transaction"
"Customweb_SaferpayCw::Thank you for choosing the BillPay Pay by invoice option. Please transfer the amount within the payment deadline to the following account, stating the reference (@ref):","Thank you for choosing the BillPay Pay by invoice option. Please transfer the amount within the payment deadline to the following account, stating the reference (@ref):"
"Customweb_SaferpayCw::The 3-D Secure authentication failed.","The 3-D Secure authentication failed."
"Customweb_SaferpayCw::The API password as given by Saferpay for the MoTo Account ID.","The API password as given by Saferpay for the MoTo Account ID."
"Customweb_SaferpayCw::The API password as given by Saferpay.","The API password from Saferpay. For testing purposes use XAjc3Kna."
"Customweb_SaferpayCw::The CVC field is required.","The CVC field is required"
"Customweb_SaferpayCw::The HMAC key as defined in the live backoffice of Saferpay. You may need generate the HMAC key. Please take a look at the manual how to do this.","The HMAC key as defined in the live backoffice of Saferpay. You may need generate the HMAC key. Please take a look at the manual how to do this."
"Customweb_SaferpayCw::The IBAN associated with the bank account the customer should pay into.","The IBAN associated with the bank account the customer should pay into."
"Customweb_SaferpayCw::The SEPA mandate schema does not contain the tag '!tag'. This tag is required.","The SEPA mandate schema does not contain the tag '!tag'. This tag is required."
"Customweb_SaferpayCw::The account ID as given by the Saferpay.","Account ID from Saferpay. The Account ID is sent to you by Saferpay and usually has the format: 12345-12345678."
"Customweb_SaferpayCw::The account id given by Saferpay for mail and phone orders (MoTo) and for recurring transactions. This account id is used for the live environment.","The account ID given by Saferpay for mail and phone orders (MoTo) and for recurring transactions. This account ID is used for the live environment."
"Customweb_SaferpayCw::The account id given by Saferpay for mail and phone orders (MoTo). This account id is used for the live environment.","The account id given by Saferpay for mail and phone orders (MoTo). This account id is used for the live environment."
"Customweb_SaferpayCw::The alias could not be found.","The alias could not be found."
"Customweb_SaferpayCw::The alias has been deleted.","The alias has been deleted."
"Customweb_SaferpayCw::The alias manager allows the customer to select from a credit card previously stored. The credit card data is stored by Saferpay.","The alias manager allows the customer to pay with a previously stored credit card. The credit card data is stored with Saferpay."
"Customweb_SaferpayCw::The alias transaction could not be conductet with error code: !code, and reason: !reason:","The alias transaction could not be conducted with error code: !code, and reason: !reason:"
"Customweb_SaferpayCw::The amount could not be verified.","The amount could not be verified."
"Customweb_SaferpayCw::The amount of !amount is authorized.","The amount of !amount is authorized."
"Customweb_SaferpayCw::The amount of !amount is captured.","The amount of !amount is captured."
"Customweb_SaferpayCw::The authorization method '!method' is not supported.","The authorization method '!method' is not supported."
"Customweb_SaferpayCw::The authorization was not successful","Authorization error. Authorization not successful."
"Customweb_SaferpayCw::The backend of Saferpay allows the definition of payment page configurations. This field contains the name of such a configuraiton name. The configuration allows the detailed control over the layout of the payment page.","The backend of Saferpay allows the definition of payment page configurations. This field contains the name of such a configuraiton name. The configuration allows the detailed control over the layout of the payment page."
"Customweb_SaferpayCw::The billing and shipping address do not match.","The billing and shipping address do not match."
"Customweb_SaferpayCw::The brand of the credit card is detected by the card number if hidden authorization is used. If the payment page is used, the user has to select the brand. The allowed credit card brands can be restricted by this setting.","The brand of the credit card is detected by the card number if hidden authorization is used. If the payment page is used, the user has to select the brand. The allowed credit card brands can be restricted by this setting."
"Customweb_SaferpayCw::The brand with external name '!key' was not present in the map.","The brand with external name '!key' was not present in the map."
"Customweb_SaferpayCw::The brand with key '!key' was not found in the card information map.","The brand with key '!key' was not found in the card information map."
"Customweb_SaferpayCw::The cancellation could not be conducted. Error code: !error.","The cancellation could not be conducted. Error code: !error."
"Customweb_SaferpayCw::The capture amount (!captureAmount) cannot be greater than the authorized amount (!authorizedAmount).","The capture amount (!captureAmount) cannot be greater than the authorized amount (!authorizedAmount)."
"Customweb_SaferpayCw::The capture item with SKU '@sku' has a higher amount (@amountItem) as the original item (@amountOriginal).","The capture item with SKU '@sku' has a higher amount (@amountItem) than the original item (@amountOriginal)."
"Customweb_SaferpayCw::The capture item with SKU '@sku' is not present in the original order.","The capture item with SKU '@sku' is not present in the original order."
"Customweb_SaferpayCw::The capturing could not be conducted. Error code: !error.","The capturing could not be conducted. Error code: !error."
"Customweb_SaferpayCw::The card brand selection is automatically done depending on the entered card number. If no Javascript is active in the browser, a drop down is shown. In case JavaScript a the brand logos can be shown. Should the brand selection using images?","The card brand selection is automatically done depending on the entered card number. If no Javascript is active in the browser, a drop down is shown. In case JavaScript a the brand logos can be shown should the brand selection using images."
"Customweb_SaferpayCw::The configuration has been saved.","The configuration has been saved."
"Customweb_SaferpayCw::The controller class '@controller' does not provide any method with annotation 'Customweb_Payment_Endpoint_Annotation_ExtractionMethod' and valid output.","The controller class '@controller' does not provide any method with the annotation 'Customweb_Payment_Endpoint_Annotation_ExtractionMethod' and valid output."
"Customweb_SaferpayCw::The corresponding Saferpay transaction can not be found.","The corresponding Saferpay transaction can not be found."
"Customweb_SaferpayCw::The customer cancelled the transaction.","The customer cancelled the transaction."
"Customweb_SaferpayCw::The customer does not finish the payment with in the timeout.","The customer does not finish the payment with in the timeout."
"Customweb_SaferpayCw::The date of birth is required.","The date of birth is required."
"Customweb_SaferpayCw::The expected format is '!format' where the 'MM' means the month number and 'YY' the year number.","The expected format is '!format' where the 'MM' means the month in two digits and 'YY' the year in two digits."
"Customweb_SaferpayCw::The gender is required.","The gender is required."
"Customweb_SaferpayCw::The given CVC code has the wrong length.","The given CVC code has the wrong length."
"Customweb_SaferpayCw::The given JSON password is empty. Please check the Saferpay settings.","The given JSON password is empty. Please check the Saferpay settings."
"Customweb_SaferpayCw::The given JSON username is empty. Please check the Saferpay settings.","The given JSON username is empty. Please check the Saferpay settings."
"Customweb_SaferpayCw::The given MoTo account id is empty. Please check the Saferpay settings.","The given MoTo Account ID is empty. Please check the Saferpay settings."
"Customweb_SaferpayCw::The given MoTo terminal Id is empty. Please check the Saferpay settings.","The given MoTo terminal ID is empty. Please check the Saferpay settings."
"Customweb_SaferpayCw::The given account id is empty. Please check the Saferpay settings.","The given Account ID is empty. Please check the Saferpay settings."
"Customweb_SaferpayCw::The given card number has an invalid check sum.","The given card number has an invalid check sum."
"Customweb_SaferpayCw::The given card number has an invalid length.","The given card number has an invalid length."
"Customweb_SaferpayCw::The given customer Id is empty. Please check the Saferpay settings.","The given customer ID is empty. Please check the Saferpay settings."
"Customweb_SaferpayCw::The given hmac key is empty.","No HMAC key entered."
"Customweb_SaferpayCw::The given identifier is empty.","The given identifier is empty."
"Customweb_SaferpayCw::The given password is empty.","No password entered."
"Customweb_SaferpayCw::The given rang is empty. It must be a nummeric value with length of two.","The given rang is empty. It must be a numeric value with length of two."
"Customweb_SaferpayCw::The given rang is invalid. It must be a nummeric value with length of two.","The given rang is invalid. It must be a numeric value with length of two."
"Customweb_SaferpayCw::The given site number is empty.","The given site number is empty."
"Customweb_SaferpayCw::The given terminal Id is empty. Please check the Saferpay settings.","The given terminal ID is empty. Please check the Saferpay settings."
"Customweb_SaferpayCw::The identifier as defined in the backoffice of Saferpay.","The identifier as defined in the backoffice of Saferpay."
"Customweb_SaferpayCw::The invoice could not be captured and processed by","The invoice could not be captured and processed by Saferpay."
"Customweb_SaferpayCw::The invoice could not be captured and processed. Reason:","The invoice could not be captured and processed. Reason: !reason"
"Customweb_SaferpayCw::The invoice could not be found.","The invoice could not be found."
"Customweb_SaferpayCw::The invoice has been changed.","The invoice has been changed."
"Customweb_SaferpayCw::The invoice no longer exists.","The invoice no longer exists."
"Customweb_SaferpayCw::The layout does not contain the tag '!layout_tag'.","The layout does not contain the tag '!layout_tag'."
"Customweb_SaferpayCw::The live API password as given by Saferpay.","The live API password as given by Saferpay."
"Customweb_SaferpayCw::The live JSON API password can be chosen freely in the backend of MySaferpay via Administration > JSON API. For further information please consult our set up manual.","The live JSON API password can be chosen freely in the backend of MySaferpay via Administration > JSON API. For further information please consult our set up manual."
"Customweb_SaferpayCw::The live JSON username can be found in the backend of MySaferpay via Administration > JSON API. For further information please consult our set up manual.","The live JSON username can be found in the backend of MySaferpay via Administration > JSON API. For further information please consult our set up manual."
"Customweb_SaferpayCw::The live MoTO terminal id as given by the Saferpay.","The live MoTO terminal ID as given by the Saferpay."
"Customweb_SaferpayCw::The live MoTo terminal id as given by the Saferpay.","The live MoTo terminal id as given by the Saferpay."
"Customweb_SaferpayCw::The live account ID as given by the Saferpay.","The live account ID as given by the Saferpay."
"Customweb_SaferpayCw::The live customer id can be found in the MySaferpay backend on the top right corner (without the e and the last 3 digits). For more information consult our set up manual.","The live customer id can be found in the MySaferpay backend on the top right corner (without the e or the last 3 digits). For more information consult our set up manual."
"Customweb_SaferpayCw::The live terminal id can be found in the MySaferpay backend via Transactions > Payment. It consists of an eight digit number and can be found on the top left. For further information consult our set up manual. id as given by the Saferpay.","The live terminal ID can be found in the MySaferpay backend via Transactions > Payment. It consists of an eight digit number and can be found on the top left. For further information consult our set up manual."
"Customweb_SaferpayCw::The name of the merchant which should be displayed on the mandate.","The name of the merchant which should be displayed on the mandate."
"Customweb_SaferpayCw::The next update execution date indicates when the next cron is run to update the transaction state.","The next update execution date indicates when the next cron is run to update the transaction state."
"Customweb_SaferpayCw::The number of days by which the payment period should be extended in addition to standard 20 or 30 days.","The number of days by which the payment period should be extended in addition to the standard 20 or 30 days."
"Customweb_SaferpayCw::The order description is shown to the customer on the payment page. The desribtion should describe the products that are sold.","The order description is displayed on the payment page and describes the purchased products."
"Customweb_SaferpayCw::The order is not fully completed. Please contact the store owner.","The payment could not be conducted."
"Customweb_SaferpayCw::The payment could not be processed.","The payment could not be processed."
"Customweb_SaferpayCw::The payment failed because either the card number, the CVC or the expiry date was invalid.","The payment failed because either the card number, the CVC or the expiry date was invalid."
"Customweb_SaferpayCw::The payment failed.","The payment has failed."
"Customweb_SaferpayCw::The payment form will be displayed after submitting the order.","The payment form will be displayed after submitting the order."
"Customweb_SaferpayCw::The payment has been accepted.","The payment has been accepted."
"Customweb_SaferpayCw::The payment has been denied.","The payment has been denied."
"Customweb_SaferpayCw::The payment method !paymentMethodName does not support the currency '!currency'.","The payment method !paymentMethodName does not support the currency '!currency'."
"Customweb_SaferpayCw::The payment method !paymentMethodName is not available in your country ('!country').","The payment method !paymentMethodName is not available in your country ('!country')."
"Customweb_SaferpayCw::The payment update has been made.","The payment update has been completed."
"Customweb_SaferpayCw::The provided signature does not match with the one calculated.","The provided signature does not match the one calculated."
"Customweb_SaferpayCw::The rang (PBX_RANG) as defined in the live backoffice of Saferpay. It must be nummeric value with length two. In the backoffice it may be displayed as a three char value. You must truncate the first digit.","The rang (PBX_RANG) as defined in the live backoffice of Saferpay. It must be nummeric value with length two. In the back office it may be displayed as a three char value. You must truncate the first digit."
"Customweb_SaferpayCw::The refund could not be captured.","The refund could not be captured"
"Customweb_SaferpayCw::The refund item with SKU '@sku' has a higher amount (@amountItem) as the original item (@amountOriginal).","The refund item with SKU '@sku' has a higher amount (@amountItem) as the original item (@amountOriginal)."
"Customweb_SaferpayCw::The refund item with SKU '@sku' is not present in the original order.","The refund item with SKU '@sku' is not present in the original order."
"Customweb_SaferpayCw::The refunding could not be conducted. Error code: !error.","The refund could not be conducted. Error code: !error."
"Customweb_SaferpayCw::The shopping cart has been altered!","The shopping cart has been altered!"
"Customweb_SaferpayCw::The signature could not be verified.","The signature could not be verified."
"Customweb_SaferpayCw::The site id (PBX_RANG) as defined in the backoffice of Saferpay.","The Site ID (PBX_RANG) as defined in the back office of Saferpay."
"Customweb_SaferpayCw::The test API password as given by Saferpay. Password for generic test account: 8e7Yn5yk","The test API password as given by Saferpay. Password for generic test account: 8e7Yn5yk"
"Customweb_SaferpayCw::The test JSON API password as given by Saferpay.","The test JSON API password as given by Saferpay."
"Customweb_SaferpayCw::The test JSON username given by the Saferpay.","The test JSON username given by the Saferpay."
"Customweb_SaferpayCw::The test MoTO terminal id as given by the Saferpay.","The test MoTO terminal ID as given by the Saferpay."
"Customweb_SaferpayCw::The test MoTo terminal id as given by the Saferpay.","The test MoTo terminal id as given by the Saferpay."
"Customweb_SaferpayCw::The test account ID as given by the Saferpay. Generic test account: 401860-17795278","The test account ID as given by the Saferpay. Generic test account: 401860-17795278"
"Customweb_SaferpayCw::The test customer id as given by the Saferpay.","The test customer ID as given by the Saferpay."
"Customweb_SaferpayCw::The test terminal id as given by the Saferpay.","The test terminal ID as given by the Saferpay."
"Customweb_SaferpayCw::The total amount of the transaction was captured.","The total amount of the transaction was captured"
"Customweb_SaferpayCw::The total amount of the transaction was refunded. Refund transaction ID: '!paymentId' .","The total amount of the transaction was refunded. Refund transaction ID: '!paymentId' ."
"Customweb_SaferpayCw::The total refund amount (!totalRefundedAmount) cannot be greater than the captured amount (!capturedAmount).","The total refund amount (!totalRefundedAmount) cannot be greater than the captured amount (!capturedAmount)."
"Customweb_SaferpayCw::The transaction cannot be cancelled online.","The transaction cannot be cancelled online."
"Customweb_SaferpayCw::The transaction cannot be captured online.","The transaction cannot be captured online."
"Customweb_SaferpayCw::The transaction cannot be refunded online.","The transaction cannot be refunded online."
"Customweb_SaferpayCw::The transaction could not be captured.","Transaction could not be captured."
"Customweb_SaferpayCw::The transaction failed with error code !code.","The transaction failed with error code: !code"
"Customweb_SaferpayCw::The transaction is only executed in the test system. The goods should not be delivered.","The transaction is only executed in the test system. The goods should not be delivered."
"Customweb_SaferpayCw::The uncertain transaction was accepted.","The uncertain transaction was accepted."
"Customweb_SaferpayCw::The uncertain transaction was finally declined.","The uncertain transaction was finally declined."
"Customweb_SaferpayCw::The whole transaction is cancelled.","The entire transaction has been cancelled."
"Customweb_SaferpayCw::There has been a problem during the processing of your payment.","There has been a problem during the processing of your payment."
"Customweb_SaferpayCw::There has been a problem during the processing of your payment. Please contact the shop owner to make sure your order was placed successfully.","There has been a problem during the processing of your payment. Please contact the shop owner to make sure your order was placed successfully."
"Customweb_SaferpayCw::There is a problem with your license. Please contact us (www.sellxed.com/support). Reason: !reason","There is a problem with your license. Please contact us (www.sellxed.com/support). Reason: !reason"
"Customweb_SaferpayCw::There is a problem with your license. Please contact us (www.sellxed.com/support). Reason: %1","There is a problem with your license. Please contact us (www.sellxed.com/support). Reason: %1"
"Customweb_SaferpayCw::There is a problem with your license. Please contact us (www.sellxed.com/support). Reason: %s","There is a problem with your license. Please contact us (www.sellxed.com/support). Reason: %s"
"Customweb_SaferpayCw::There is already a customer registered using this email address. Please login using this email address or enter a different email address to register your account.","There is already a customer registered using this email address. Please login using this email address or enter a different email address to register your account."
"Customweb_SaferpayCw::There seems to be a problem with the Saferpay module.","There seems to be a problem with the Saferpay module."
"Customweb_SaferpayCw::There was an error validating the login and password.","There was an error validating the login and password."
"Customweb_SaferpayCw::This account is not confirmed. <a href=""%s"">Click here</a> to resend confirmation email.","This account is not confirmed. <a href=""%s"">Click here</a> to resend the confirmation email."
"Customweb_SaferpayCw::This password is used for recurring payments and for the alias manager as well as for the server authorization. This is the password of the Saferpay account.","This password is used for recurring payments and for the alias manager as well as for the server authorization. This is the password of the Saferpay account."
"Customweb_SaferpayCw::This setting can be used to activate resp. deactivate the 3D secure check. Please check with PayBox if you are allowed to deactivate the 3D secure check. This setting has only an effect when you use the payment page.","This setting can be used to activate/deactivate the 3D Secure check. Please check with PayBox if you are allowed to deactivate the 3D Secure check. This setting only has an effect if you use the payment page."
"Customweb_SaferpayCw::This setting enables the restriction of the allowed brands.","This setting enables the restriction of allowed brands."
"Customweb_SaferpayCw::This status is set, when the payment was successfull and it is authorized.","This status is set when the payment was successful and it is authorised."
"Customweb_SaferpayCw::This transaction is already closed for further captures.","This transaction is already closed for further captures"
"Customweb_SaferpayCw::This transaction is already closed for further refunds.","This transaction has been closed for further refunds."
"Customweb_SaferpayCw::This transaction no longer exists.","This transaction no longer exists."
"Customweb_SaferpayCw::Timeout for pending payments (min)","Time-out for pending payments (in min)."
"Customweb_SaferpayCw::Titel","Title"
"Customweb_SaferpayCw::Title","Title"
"Customweb_SaferpayCw::Title of the payment method","Name of the payment method"
"Customweb_SaferpayCw::Total","Total"
"Customweb_SaferpayCw::Total Shipping Charges","Total shipping charges"
"Customweb_SaferpayCw::Track order history","Track order history"
"Customweb_SaferpayCw::Transaction","Transaction"
"Customweb_SaferpayCw::Transaction Authorized","Transaction authorised"
"Customweb_SaferpayCw::Transaction Cancelled","Transaction cancelled"
"Customweb_SaferpayCw::Transaction Captured","Transaction captured"
"Customweb_SaferpayCw::Transaction History","Transaction History"
"Customweb_SaferpayCw::Transaction Id","Transaction ID"
"Customweb_SaferpayCw::Transaction Paid","Transaction paid"
"Customweb_SaferpayCw::Transaction Uncertain","Transaction uncertain"
"Customweb_SaferpayCw::Transaction Updates","Transaction Updates"
"Customweb_SaferpayCw::Transaction aborted","Transaction aborted"
"Customweb_SaferpayCw::Transaction aborted by the customer.","Transaction aborted by the customer."
"Customweb_SaferpayCw::Transaction blocked by risk management.","Transaction blocked by risk management."
"Customweb_SaferpayCw::Transaction cancelled","Transaction cancelled"
"Customweb_SaferpayCw::Transaction cancelled by the customer.","Transaction cancelled by the customer."
"Customweb_SaferpayCw::Transaction cancelled successfully","Transaction cancelled successfully"
"Customweb_SaferpayCw::Transaction captured successfully","Transaction captured successfully"
"Customweb_SaferpayCw::Transaction could not be canceled.","Transaction could not be cancelled"
"Customweb_SaferpayCw::Transaction declined.","Transaction declined."
"Customweb_SaferpayCw::Transaction history","Transaction History"
"Customweb_SaferpayCw::Transaction in wrong state.","Transaction in wrong state."
"Customweb_SaferpayCw::Transaction not found.","Transaction not found."
"Customweb_SaferpayCw::Transaction not started by the customer.","Transaction not started by the customer."
"Customweb_SaferpayCw::Transaction was authorized over the deferred authorization mechanism.","Transaction was authorized over the deferred authorization mechanism."
"Customweb_SaferpayCw::Transactions","Transactions"
"Customweb_SaferpayCw::Unable to resolve card type id '@id' to a payment method name.","Unable to resolve card type id '@id' to a payment method name."
"Customweb_SaferpayCw::Unable to resolve payment method id '@id' to a payment method name.","Unable to resolve payment method id '@id' to a payment method name."
"Customweb_SaferpayCw::Unable to save the invoice.","Unable to save the invoice."
"Customweb_SaferpayCw::Uncertain Status","Uncertain status"
"Customweb_SaferpayCw::Uncertain transactions","Uncertain transactions"
"Customweb_SaferpayCw::Unknown alias or already used.","Unknown alias or already used."
"Customweb_SaferpayCw::Unkown alias or already used.","Unknown alias or already used."
"Customweb_SaferpayCw::Unless you select this checkbox, the payment will be captured at the PSP and you can not add additional captures.","Unless you select this checkbox, the payment will be captured at the PSP and you can not add additional captures."
"Customweb_SaferpayCw::Update","Update"
"Customweb_SaferpayCw::Update Qty's","Adjust Quantity"
"Customweb_SaferpayCw::Update interval for payments","Update interval for payments"
"Customweb_SaferpayCw::Use Base Currency","Use Base Currency"
"Customweb_SaferpayCw::Use CVC for card verification (recommended)","Use CVC for card verification (recommended)"
"Customweb_SaferpayCw::Use Default","Use Default"
"Customweb_SaferpayCw::Use MoTo Account for Alias Transactions","Use MoTo account for alias transactions"
"Customweb_SaferpayCw::Use MoTo account","Use MoTo account"
"Customweb_SaferpayCw::Use base currency","Use base currency"
"Customweb_SaferpayCw::Use normal account (recommended)","Use normal account (recommended)"
"Customweb_SaferpayCw::Use shipping address","Use shipping address"
"Customweb_SaferpayCw::Use the MoTo Account for recurring payments using a stored alias. In this way no 3D Secure verification is performed","Use the MoTo account for recurring payments using a stored alias. In this way no 3-D Secure verification is performed."
"Customweb_SaferpayCw::V Pay","V Pay"
"Customweb_SaferpayCw::VISA","VISA"
"Customweb_SaferpayCw::Validation","Validation"
"Customweb_SaferpayCw::Version","Version"
"Customweb_SaferpayCw::View","View"
"Customweb_SaferpayCw::Visa","VISA"
"Customweb_SaferpayCw::Wait On Success Page","Wait On Success Page"
"Customweb_SaferpayCw::Wallet used","Wallet used"
"Customweb_SaferpayCw::We cannot get the transaction instance.","We can not establish a transaction."
"Customweb_SaferpayCw::We experienced a problem with your sellxed payment extension. For more information, please visit the configuration page of the plugin.","We experienced a problem with your sellxed payment extension. For more information, please visit the configuration page of the Saferpay plugin."
"Customweb_SaferpayCw::When the store is not available (network outage, server failure or any other outage), when the feedback of Saferpay is sent, then the transaction state is not updated. Hence no order confirmation e-mail is sent and the order is not in the paid state. By activating the transaction update, such transactions can be authorized later over direct link. To use this feature the update service must be activated and the API username and the API password must be set.","When the store is not available (network outage, server failure or any other outage), when the feedback of Saferpay is sent, then the transaction state is not updated. Hence no order confirmation e-mail is sent and the order is not in the paid state. By activating the transaction update, such transactions can be authorized later over direct link. To use this feature the update service must be activated and the API username and the API password must be set."
"Customweb_SaferpayCw::When using an external checkout, the customer can either be asked to chose an option to authenticate (as guest, register or login) or he can always be checked out as guest. For the second option to work, guest checkout has to be enabled in magento.","When using an external checkout, the customer can either be asked to choose an option to authenticate (as guest, register or login) or he can always be checked out as guest. For the second option to work, guest checkout has to be enabled in Magento."
"Customweb_SaferpayCw::Year","Year"
"Customweb_SaferpayCw::Yes","Yes"
"Customweb_SaferpayCw::Yes, use images for the brand selection.","Yes, use images for the brand selection."
"Customweb_SaferpayCw::You can allow the customers to manage/delete their aliases in the their account.","You can allow the customers to manage/delete their aliases in their account."
"Customweb_SaferpayCw::You can decide on the order status new orders should have after they are processed successfully.","You can specify the order status for new orders that have been processed successfully."
"Customweb_SaferpayCw::You can decide on the order status new orders should have that have an uncertain authorization status.","You can specify the order status for new orders that have an uncertain authorisation status."
"Customweb_SaferpayCw::You can define here a CSS URL which is included in the payment page. The CSS can only be used, when it is hosted on a server which has SSL enabled.","You can define a CSS URL which is included in the payment page. The CSS can only be used if it is hosted on a server which has SSL enabled."
"Customweb_SaferpayCw::You can define the payment page configuration name. You can create new configuration in the backend of Saferpay. If the configuration is not found by Saferpay, the default configuration is used.","You can define the payment page configuration name. You can create new configuration in the backend of Saferpay. If the configuration is not found by Saferpay, the default configuration is used."
"Customweb_SaferpayCw::You can define the paymentpage configuration name. You can create new configuration in the backend of Saferpay. If the configuration is not found by Saferpay, the default configuration is used.","You can define the paymentpage configuration name. You can create new configurations in the backend of Saferpay. If the configuration is not found by Saferpay, the default configuration is used."
"Customweb_SaferpayCw::You can enable approval mode for the approval by Billpay","You can enable approval mode for the approval by BillPay."
"Customweb_SaferpayCw::You can specify the order status for new orders that have an uncertain authorisation status.","You can specify the order status for new orders that have an uncertain authorisation status."
"Customweb_SaferpayCw::You can specify the order status for orders that are captured either directly after the order or manually in the backend.","You can specify the order status for orders that are captured either directly after the order or manually in the back-end."
"Customweb_SaferpayCw::You can specify the order status when an order is cancelled.","You can specify the order status for cancelled orders."
"Customweb_SaferpayCw::You created the order.","You created the order."
"Customweb_SaferpayCw::You have no stored aliases.","You have no stored aliases."
"Customweb_SaferpayCw::You have successfully cancelled the payment.","You have successfully cancelled the payment."
"Customweb_SaferpayCw::You have to agree to the general terms.","You have to agree to the General Terms of Agreement"
"Customweb_SaferpayCw::You have to enter a card number.","You have to enter a card number."
"Customweb_SaferpayCw::You have to enter bank code of your bank.","Enter your bank's bank code."
"Customweb_SaferpayCw::You have to enter commercial number of you company.","Please enter the commercial number of your company."
"Customweb_SaferpayCw::You have to enter either the CVC code or the issue number of your card.","You have to enter either the CVC code or the issue number of your card."
"Customweb_SaferpayCw::You have to enter sales tax number of you company.","You have to enter sales tax number of you company."
"Customweb_SaferpayCw::You have to enter sales tax number of your company.","Please enter your company's sales tax number."
"Customweb_SaferpayCw::You have to enter the BIC.","You have to enter the BIC of your bank."
"Customweb_SaferpayCw::You have to enter the CVC code from your card.","Enter the CVC code from your card"
"Customweb_SaferpayCw::You have to enter the IBAN.","You have to enter your IBAN number."
"Customweb_SaferpayCw::You have to enter the account holder name on the card.","You have to enter the account holder name on the card."
"Customweb_SaferpayCw::You have to enter the account holder name.","You have to enter the account holder name."
"Customweb_SaferpayCw::You have to enter the card holder name on the card.","You have to enter the card holder name."
"Customweb_SaferpayCw::You have to enter the location of your bank.","Please enter the location of your bank."
"Customweb_SaferpayCw::You have to enter the name of the account owner.","Please enter the name of the account owner"
"Customweb_SaferpayCw::You have to enter the name of your bank.","You have to enter the name of your bank."
"Customweb_SaferpayCw::You have to enter your IBAN Number.","You have to enter your IBAN number."
"Customweb_SaferpayCw::You have to enter your bank account number.","Please enter here the International Bank Account Number (IBAN)."
"Customweb_SaferpayCw::You have to enter your social security number.","Please enter your social security number."
"Customweb_SaferpayCw::You may choose one of the cards you paid before on this site.","You may choose from one of the cards previously used on this site."
"Customweb_SaferpayCw::You may choose one of your stored payment details.","You may choose one of your stored payment details."
"Customweb_SaferpayCw::You will be redirect to the order confirmation page.","You will be redirected to the order confirmation page."
"Customweb_SaferpayCw::Your 3ds check failed.","Your 3ds check failed."
"Customweb_SaferpayCw::Your browser does not allow the execution of JavaScript. Please activate JavaScript in your browser and reload this page.","Your browser does not allow the execution of JavaScript. Please activate JavaScript in your browser and reload this page."
"Customweb_SaferpayCw::Your card is expired.","Your card has expired."
"Customweb_SaferpayCw::Your checkout session expired.","Your checkout session expired."
"Customweb_SaferpayCw::Your order description","Order Description"
"Customweb_SaferpayCw::SaferpayCw Aliases","SaferpayCw Aliases"
"Customweb_SaferpayCw::SaferpayCw authorization responded with : !result '!authmessage'","SaferpayCw authorization responded with : !result '!authmessage'"
"Customweb_SaferpayCw::SaferpayCw response verification failed. Manipulation possible. Reason: !message","SaferpayCw response verification failed. Manipulation possible. Reason: !message"
"Customweb_SaferpayCw::____paymentMethodName____","____paymentMethodName____"
"Customweb_SaferpayCw::Saferpay","Saferpay"
"Customweb_SaferpayCw::Saferpay API password","Saferpay API password"
"Customweb_SaferpayCw::Saferpay Aliases","Saferpay Aliases"
"Customweb_SaferpayCw::Saferpay Error","Saferpay Error"
"Customweb_SaferpayCw::Saferpay MoTo API password","Saferpay MoTo API password"
"Customweb_SaferpayCw::Saferpay MoTo account ID","Saferpay MoTo account ID"
"Customweb_SaferpayCw::Saferpay Parameters","Saferpay Parameters"
"Customweb_SaferpayCw::Saferpay Refund Items","Saferpay Refund Items"
"Customweb_SaferpayCw::Saferpay Section","Saferpay Section"
"Customweb_SaferpayCw::Saferpay Transactions","Saferpay Transactions"
"Customweb_SaferpayCw::Saferpay account ID","Saferpay Account ID"
"Customweb_SaferpayCw::Saferpay will send an email to this address, whenever a payment is succesfully authorized. (Available only for payments where the customer is redirected to Saferpay.)","Saferpay will send an email to this address, whenever a payment is succesfully authorized. (Available only for payments where the customer is redirected to Saferpay.)"
"Customweb_SaferpayCw::Saferpay: Alias Management","Saferpay: Alias Management"
"Customweb_SaferpayCw::customweb ltd","customweb ltd"
"Customweb_SaferpayCw::no","No"
"Customweb_SaferpayCw::or","or"
"Customweb_SaferpayCw::yes","Yes"
